4,HIGHLANDER,Men Sneakers
3.7,Roadster,Men Sneakers
4.2,Puma,Unisex Sneakers
4.4,U.S. Polo Assn.,Men Colourblocked Sneakers
4.8,Puma,Women Woven Design Slip-On Sneakers
4.1,Mast & Harbour,Men Striped Sneakers
4.4,Puma,Unisex Duke Sneakers
3.7,Roadster,Men Sneakers
4.4,Mactree,Men Colourblocked PU Sneakers
4.4,Red Tape,Women Sneakers
4.4,U.S. Polo Assn.,Men Solid Sneakers
4.2,HIGHLANDER,Men Solid Sneakers
4.1,Mactree,Men Colourblocked PU Sneakers
4.4,U.S. Polo Assn.,Men Colourblocked Sneakers
4.1,HIGHLANDER,Men Solid Sneakers
4.3,Roadster,Women Mid-Top Chelsea Sneakers
4.3,U.S. Polo Assn.,Men Capron 2.0 Sneakers
4.5,Kook N Keech,WomenStriped Mid-Top Sneakers
3.9,HIGHLANDER,Men Sneakers
4.5,Puma,Women Sneakers
4.7,Truffle Collection,Women Solid Lace-Up Sneakers
4.3,Harvard,Men Printed High-Top Sneakers
4.5,U.S. Polo Assn.,Men MADRYN 2.O Sneakers
4.1,HIGHLANDER,Men Solid Leather Sneakers
3.8,Roadster,Men Colourblocked Sneakers
3.8,Mactree,Men Colourblocked PU Sneakers
4.1,HIGHLANDER,Men Sneakers
4.1,Shoetopia,Women Sneakers
4.3,U.S. Polo Assn.,Men GAIMAN 2.O Sneakers
4.7,Roadster,Women Sneakers
4.3,WROGN,Men Colourblocked Sneakers
4.3,U.S. Polo Assn.,Men MOORE 2.0 Sneakers
3.7,Kook N Keech,Men Woven Design Sneakers
4.1,HIGHLANDER,Men Solid Sneakers
3.3,Roadster,Men Textured Sneakers
4.5,U.S. Polo Assn.,Men OCTAVIA Slip-On Sneakers
4.5,Red Tape,Women Woven Design Sneakers
4.1,HIGHLANDER,Men Solid Sneakers
3.7,Layasa,Women Slip-On Sneakers
3.3,Roadster,Men Casual Sneakers
3.8,AfroJack,Women Sneakers
4.4,Puma,Women Textured Sneakers
4.2,AfroJack,Women Colourblocked Sneakers
4.1,TWIN TOES,Women Colourblocked Sneakers
4,HIGHLANDER,Men Solid Sneakers
4.6,Puma,Women Woven Design Sneakers
4.4,U.S. Polo Assn.,Men MADRYN 2.O Sneakers
4.5,Puma,Unisex Slip-On Sneakers
4.5,Roadster,Women Mid-Top Sneakers
3.8,AfroJack,Women Sneakers
3.3,Provogue,Men Colourblocked Sneakers
4.2,Puma,Men Colourblocked Sneakers
3.4,Roadster,Men Striped Leather Sneakers
4.3,Nike,Men Court Vision Low Sneakers
4.1,HIGHLANDER,Men Solid Sneakers
3.6,Roadster,Men Sneakers
3.8,HIGHLANDER,Men Woven Design Sneakers
4.2,Puma,Women Woven Design Sneakers
4.1,AfroJack,Women Colourblocked Sneakers
4.3,Killer,Men Slip-On Sneakers
4.2,Roadster,Women Slip-On Sneakers
